id	mol2_path	pdb_path	name	smi	bin	formula	MW	logp	charge	has_phosphate	has_furanose	has_pyranose	has_sterol	has_benzene	has_halide	has_sulfonate	has_DNA_base	path	cluster
AEE	/home/basantab/NTF2_project/20191216_deNovoNTF2DockingBenchmark_RIFDOCK/addPartialChargesConvertParams/AEE/AEE.mol2	/home/basantab/NTF2_project/20191216_deNovoNTF2DockingBenchmark_RIFDOCK/addPartialChargesConvertParams/AEE/AEE_0001_min_0001.pdb	6-{4-[(4-ethylpiperazin-1-yl)methyl]phenyl}-n-[(1r)-1-phenylethyl]-7h-pyrrolo[2,3-d]pyrimidin-4-amine	CCN1CCN(CC1)Cc2ccc(cc2)c3cc4c([nH]3)ncnc4NC(C)c5ccccc5	0	C27 H32 N6	462.43989856818104	2.101300000000001	2.0	False	False	False	False	True	False	False	False	/home/basantab/NTF2_project/20191216_deNovoNTF2DockingBenchmark_RIFDOCK/addPartialChargesConvertParams/AEE/AEE.params	47
5XE	/home/basantab/NTF2_project/20191216_deNovoNTF2DockingBenchmark_RIFDOCK/addPartialChargesConvertParams/5XE/5XE.mol2	/home/basantab/NTF2_project/20191216_deNovoNTF2DockingBenchmark_RIFDOCK/addPartialChargesConvertParams/5XE/5XE_0001_min_0001.pdb	4-bromanyl-~{n}-(6-methoxy-1,3-dimethyl-2-oxidanylidene-benzimidazol-5-yl)-2-methyl-benzenesulfonamide	Cc1cc(ccc1S(=O)(=O)Nc2cc3c(cc2OC)N(C(=O)N3C)C)Br	0	C17 H18 Br N3 O4 S	389.25195803200046	0.7886199999999997	0.0	False	False	False	False	True	True	False	False	/home/basantab/NTF2_project/20191216_deNovoNTF2DockingBenchmark_RIFDOCK/addPartialChargesConvertParams/5XE/5XE.params	4
M7B	/home/basantab/NTF2_project/20191216_deNovoNTF2DockingBenchmark_RIFDOCK/addPartialChargesConvertParams/M7B/M7B.mol2	/home/basantab/NTF2_project/20191216_deNovoNTF2DockingBenchmark_RIFDOCK/addPartialChargesConvertParams/M7B/M7B_0001_min_0001.pdb	7-o-phosphono-d-glycero-beta-d-manno-heptopyranose	C(C(C1C(C(C(C(O1)O)O)O)O)O)OP(=O)(O)O	0	C7 H15 O10 P	292.05593337400035	-6.0776999999999965	-2.0	True	False	True	False	False	False	False	False	/home/basantab/NTF2_project/20191216_deNovoNTF2DockingBenchmark_RIFDOCK/addPartialChargesConvertParams/M7B/M7B.params	32
9U4	/home/basantab/NTF2_project/20191216_deNovoNTF2DockingBenchmark_RIFDOCK/addPartialChargesConvertParams/9U4/9U4.mol2	/home/basantab/NTF2_project/20191216_deNovoNTF2DockingBenchmark_RIFDOCK/addPartialChargesConvertParams/9U4/9U4_0001_min_0001.pdb	3-[7-(difluoromethyl)-6-(1-methyl-1h-pyrazol-4-yl)-3,4-dihydroquinolin-1(2h)-yl]-n-methyl-1-(oxan-4-yl)-1,4,6,7-tetrahydro-5h-pyrazolo[4,3-c]pyridine-5-carboxamide	CNC(=O)N1CCc2c(c(nn2C3CCOCC3)N4CCCc5c4cc(c(c5)c6cnn(c6)C)C(F)F)C1	0	C27 H33 F2 N7 O2	541.391580248001	4.354500000000003	-0.0	False	False	True	False	True	True	False	False	/home/basantab/NTF2_project/20191216_deNovoNTF2DockingBenchmark_RIFDOCK/addPartialChargesConvertParams/9U4/9U4.params	37
MTT	/home/basantab/NTF2_project/20191216_deNovoNTF2DockingBenchmark_RIFDOCK/addPartialChargesConvertParams/MTT/MTT.mol2	/home/basantab/NTF2_project/20191216_deNovoNTF2DockingBenchmark_RIFDOCK/addPartialChargesConvertParams/MTT/MTT_0001_min_0001.pdb	maltotetraose	C(C1C(C(C(C(O1)OC2C(OC(C(C2O)O)OC3C(OC(C(C3O)O)OC4C(OC(C(C4O)O)O)CO)CO)CO)O)O)O)O	0	C24 H42 O21	666.221858364001	-9.748800000000012	0.0	False	False	True	False	False	False	False	False	/home/basantab/NTF2_project/20191216_deNovoNTF2DockingBenchmark_RIFDOCK/addPartialChargesConvertParams/MTT/MTT.params	38
MCS	/home/basantab/NTF2_project/20191216_deNovoNTF2DockingBenchmark_RIFDOCK/addPartialChargesConvertParams/MCS/MCS.mol2	/home/basantab/NTF2_project/20191216_deNovoNTF2DockingBenchmark_RIFDOCK/addPartialChargesConvertParams/MCS/MCS_0001_min_0001.pdb	malonyl cysteine	C(C(C(=O)O)N)SC(=O)CC(=O)O	0	C6 H9 N O5 S	214.07437003209	-5.659799999999998	-1.0	False	False	False	False	False	False	False	False	/home/basantab/NTF2_project/20191216_deNovoNTF2DockingBenchmark_RIFDOCK/addPartialChargesConvertParams/MCS/MCS.params	14
GDS	/home/basantab/NTF2_project/20191216_deNovoNTF2DockingBenchmark_RIFDOCK/addPartialChargesConvertParams/GDS/GDS.mol2	/home/basantab/NTF2_project/20191216_deNovoNTF2DockingBenchmark_RIFDOCK/addPartialChargesConvertParams/GDS/GDS_0001_min_0001.pdb	oxidized glutathione disulfide	C(CC(=O)NC(CSSCC(C(=O)NCC(=O)O)NC(=O)CCC(C(=O)O)N)C(=O)NCC(=O)O)C(C(=O)O)N	0	C20 H32 N6 O12 S2	630.2917158801808	-13.461999999999984	-2.0	False	False	False	False	False	False	False	False	/home/basantab/NTF2_project/20191216_deNovoNTF2DockingBenchmark_RIFDOCK/addPartialChargesConvertParams/GDS/GDS.params	26
AC2	/home/basantab/NTF2_project/20191216_deNovoNTF2DockingBenchmark_RIFDOCK/addPartialChargesConvertParams/AC2/AC2.mol2	/home/basantab/NTF2_project/20191216_deNovoNTF2DockingBenchmark_RIFDOCK/addPartialChargesConvertParams/AC2/AC2_0001_min_0001.pdb	9-hyroxyethoxymethylguanine	c1nc2c(n1COCCO)N=C(NC2=O)N	0	C8 H11 N5 O3	233.148789468	-1.3317999999999997	0.0	False	False	False	False	False	False	False	True	/home/basantab/NTF2_project/20191216_deNovoNTF2DockingBenchmark_RIFDOCK/addPartialChargesConvertParams/AC2/AC2.params	17
TTG	/home/basantab/NTF2_project/20191216_deNovoNTF2DockingBenchmark_RIFDOCK/addPartialChargesConvertParams/TTG/TTG.mol2	/home/basantab/NTF2_project/20191216_deNovoNTF2DockingBenchmark_RIFDOCK/addPartialChargesConvertParams/TTG/TTG_0001_min_0001.pdb	2-(1-dimethylaminomethyl-2-hydroxy-8-hydroxymethyl-9-oxo-9,11-dihydro-indolizino[1,2-b]quinolin-7-yl)-2-hydroxy-butyric acid	CCC(C1=C(C(=O)N2Cc3cc4c(ccc(c4CN(C)C)O)nc3C2=C1)CO)(C(=O)O)O	0	C23 H25 N3 O6	458.3224625480907	-2.088099999999997	-0.0	False	False	False	False	True	False	False	False	/home/basantab/NTF2_project/20191216_deNovoNTF2DockingBenchmark_RIFDOCK/addPartialChargesConvertParams/TTG/TTG.params	42
AKV	/home/basantab/NTF2_project/20191216_deNovoNTF2DockingBenchmark_RIFDOCK/addPartialChargesConvertParams/AKV/AKV.mol2	/home/basantab/NTF2_project/20191216_deNovoNTF2DockingBenchmark_RIFDOCK/addPartialChargesConvertParams/AKV/AKV_0001_min_0001.pdb	{3-[(1r,3s)-1,3-dihydroxypentyl]-4,5,9,10-tetrahydroxy-2-anthryl}acetate	CCC(CC(c1c(cc2c(c1O)C(=O)c3c(cccc3O)C2=O)CC(=O)OC)O)O	-1	C22 H22 O8	432.2723182400005	1.7830999999999995	0.0	False	False	False	False	True	False	False	False	/home/basantab/NTF2_project/20191216_deNovoNTF2DockingBenchmark_RIFDOCK/addPartialChargesConvertParams/AKV/AKV.params	1
DYH	/home/basantab/NTF2_project/20191216_deNovoNTF2DockingBenchmark_RIFDOCK/addPartialChargesConvertParams/DYH/DYH.mol2	/home/basantab/NTF2_project/20191216_deNovoNTF2DockingBenchmark_RIFDOCK/addPartialChargesConvertParams/DYH/DYH_0001_min_0001.pdb	(2r,3ar,6s,7r,7ar)-2-[(2s)-2-amino-2-carboxyethyl]-6-hydroxy-7-(methylamino)hexahydro-2h-furo[3,2-b]pyran-2-carboxylic acid	CNC1C(COC2C1OC(C2)(CC(C(=O)O)N)C(=O)O)O	0	C12 H20 N2 O7	310.1729040121806	-8.07040000000001	0.0	False	True	True	False	False	False	False	False	/home/basantab/NTF2_project/20191216_deNovoNTF2DockingBenchmark_RIFDOCK/addPartialChargesConvertParams/DYH/DYH.params	23
F91	/home/basantab/NTF2_project/20191216_deNovoNTF2DockingBenchmark_RIFDOCK/addPartialChargesConvertParams/F91/F91.mol2	/home/basantab/NTF2_project/20191216_deNovoNTF2DockingBenchmark_RIFDOCK/addPartialChargesConvertParams/F91/F91_0001_min_0001.pdb	n-(pyridin-4-ylmethyl)-2,3-dihydro-1,4-benzodioxin-6-amine	c1cc2c(cc1NCc3ccncc3)OCCO2	0	C14 H14 N2 O2	254.199428072	2.4649	0.0	False	False	False	False	True	False	False	False	/home/basantab/NTF2_project/20191216_deNovoNTF2DockingBenchmark_RIFDOCK/addPartialChargesConvertParams/F91/F91.params	13
CSF	/home/basantab/NTF2_project/20191216_deNovoNTF2DockingBenchmark_RIFDOCK/addPartialChargesConvertParams/CSF/CSF.mol2	/home/basantab/NTF2_project/20191216_deNovoNTF2DockingBenchmark_RIFDOCK/addPartialChargesConvertParams/CSF/CSF_0001_min_0001.pdb	cytidine-5'-monophosphate-3-fluoro-n-acetyl-neuraminic acid	CC(=O)NC1C(C(C(OC1C(C(CO)O)O)(C(=O)O)OP(=O)(O)OCC2C(C(C(O2)N3C=CC(=NC3=O)N)O)O)F)O	0	C20 H30 F N4 O16 P	644.2317461140009	-9.064300000000014	-2.0	True	True	True	False	False	True	False	True	/home/basantab/NTF2_project/20191216_deNovoNTF2DockingBenchmark_RIFDOCK/addPartialChargesConvertParams/CSF/CSF.params	28
BOG	/home/basantab/NTF2_project/20191216_deNovoNTF2DockingBenchmark_RIFDOCK/addPartialChargesConvertParams/BOG/BOG.mol2	/home/basantab/NTF2_project/20191216_deNovoNTF2DockingBenchmark_RIFDOCK/addPartialChargesConvertParams/BOG/BOG_0001_min_0001.pdb	b-octylglucoside	CCCCCCCCOC1C(C(C(C(O1)CO)O)O)O	6	C14 H28 O6	292.1885886160008	0.16339999999999932	-0.0	False	False	True	False	False	False	False	False	/home/basantab/NTF2_project/20191216_deNovoNTF2DockingBenchmark_RIFDOCK/addPartialChargesConvertParams/BOG/BOG.params	24
C38	/home/basantab/NTF2_project/20191216_deNovoNTF2DockingBenchmark_RIFDOCK/addPartialChargesConvertParams/C38/C38.mol2	/home/basantab/NTF2_project/20191216_deNovoNTF2DockingBenchmark_RIFDOCK/addPartialChargesConvertParams/C38/C38_0001_min_0001.pdb	5-iodo-2'-deoxy-cytidine-5'-monophosphate	C1C(C(OC1N2C=C(C(=NC2=O)N)I)COP(=O)(O)O)O	0	C9 H13 I N3 O7 P	441.0161846420003	-3.146399999999999	-2.0	True	True	False	False	False	True	False	True	/home/basantab/NTF2_project/20191216_deNovoNTF2DockingBenchmark_RIFDOCK/addPartialChargesConvertParams/C38/C38.params	0
CME	/home/basantab/NTF2_project/20191216_deNovoNTF2DockingBenchmark_RIFDOCK/addPartialChargesConvertParams/CME/CME.mol2	/home/basantab/NTF2_project/20191216_deNovoNTF2DockingBenchmark_RIFDOCK/addPartialChargesConvertParams/CME/CME_0001_min_0001.pdb	s,s-(2-hydroxyethyl)thiocysteine	C(CSSCC(C(=O)O)N)O	6	C5 H11 N O3 S2	200.04096172809	-2.9826999999999986	0.0	False	False	False	False	False	False	False	False	/home/basantab/NTF2_project/20191216_deNovoNTF2DockingBenchmark_RIFDOCK/addPartialChargesConvertParams/CME/CME.params	6
OSE	/home/basantab/NTF2_project/20191216_deNovoNTF2DockingBenchmark_RIFDOCK/addPartialChargesConvertParams/OSE/OSE.mol2	/home/basantab/NTF2_project/20191216_deNovoNTF2DockingBenchmark_RIFDOCK/addPartialChargesConvertParams/OSE/OSE_0001_min_0001.pdb	o-sulfo-l-serine	C(C(C(=O)O)N)OS(=O)(=O)O	0	C3 H7 N O6 S	190.03798452409	-4.228999999999998	-1.0	False	False	False	False	False	False	True	False	/home/basantab/NTF2_project/20191216_deNovoNTF2DockingBenchmark_RIFDOCK/addPartialChargesConvertParams/OSE/OSE.params	5
EVT	/home/basantab/NTF2_project/20191216_deNovoNTF2DockingBenchmark_RIFDOCK/addPartialChargesConvertParams/EVT/EVT.mol2	/home/basantab/NTF2_project/20191216_deNovoNTF2DockingBenchmark_RIFDOCK/addPartialChargesConvertParams/EVT/EVT_0001_min_0001.pdb	(2~{s})-2-[[(4~{s})-4-(hexadecanoylamino)-5-oxidanyl-5-oxidanylidene-pentanoyl]amino]pentanedioic acid	CCCCCCCCCCCCCCCC(=O)NC(CCC(=O)NC(CCC(=O)O)C(=O)O)C(=O)O	0	C26 H46 N2 O8	524.4036667520011	-1.862199999999993	-3.0	False	False	False	False	False	False	False	False	/home/basantab/NTF2_project/20191216_deNovoNTF2DockingBenchmark_RIFDOCK/addPartialChargesConvertParams/EVT/EVT.params	29
3J4	/home/basantab/NTF2_project/20191216_deNovoNTF2DockingBenchmark_RIFDOCK/addPartialChargesConvertParams/3J4/3J4.mol2	/home/basantab/NTF2_project/20191216_deNovoNTF2DockingBenchmark_RIFDOCK/addPartialChargesConvertParams/3J4/3J4_0001_min_0001.pdb	(6s)-2,6-anhydro-6-{[(3r)-3-(sulfamoyloxy)pyrrolidin-1-yl]sulfonyl}-d-glucitol	C1CN(CC1OS(=O)(=O)N)S(=O)(=O)C2C(C(C(C(O2)CO)O)O)O	0	C10 H20 N2 O10 S2	396.08723696800047	-4.589499999999996	-0.0	False	False	True	False	False	False	True	False	/home/basantab/NTF2_project/20191216_deNovoNTF2DockingBenchmark_RIFDOCK/addPartialChargesConvertParams/3J4/3J4.params	22
M40	/home/basantab/NTF2_project/20191216_deNovoNTF2DockingBenchmark_RIFDOCK/addPartialChargesConvertParams/M40/M40.mol2	/home/basantab/NTF2_project/20191216_deNovoNTF2DockingBenchmark_RIFDOCK/addPartialChargesConvertParams/M40/M40_0001_min_0001.pdb	(1r,2s)-2-({n-[(benzyloxy)carbonyl]-3-cyclohexyl-l-alanyl}amino)-1-hydroxy-3-[(3s)-2-oxopyrrolidin-3-yl]propane-1-sulfonic acid	c1ccc(cc1)COC(=O)NC(CC2CCCCC2)C(=O)NC(CC3CCNC3=O)C(O)S(=O)(=O)O	0	C24 H35 N3 O8 S	539.3240365280008	1.7770000000000006	-1.0	False	False	False	False	True	False	True	False	/home/basantab/NTF2_project/20191216_deNovoNTF2DockingBenchmark_RIFDOCK/addPartialChargesConvertParams/M40/M40.params	44
BDD	/home/basantab/NTF2_project/20191216_deNovoNTF2DockingBenchmark_RIFDOCK/addPartialChargesConvertParams/BDD/BDD.mol2	/home/basantab/NTF2_project/20191216_deNovoNTF2DockingBenchmark_RIFDOCK/addPartialChargesConvertParams/BDD/BDD_0001_min_0001.pdb	bromo-dodecanol	C(CCCCCCBr)CCCCCO	0	C12 H25 Br O	198.21549588399998	3.4665000000000026	-0.0	False	False	False	False	False	True	False	False	/home/basantab/NTF2_project/20191216_deNovoNTF2DockingBenchmark_RIFDOCK/addPartialChargesConvertParams/BDD/BDD.params	40
P5A	/home/basantab/NTF2_project/20191216_deNovoNTF2DockingBenchmark_RIFDOCK/addPartialChargesConvertParams/P5A/P5A.mol2	/home/basantab/NTF2_project/20191216_deNovoNTF2DockingBenchmark_RIFDOCK/addPartialChargesConvertParams/P5A/P5A_0001_min_0001.pdb	'5'-o-(n-(l-prolyl)-sulfamoyl)adenosine	c1nc(c2c(n1)n(cn2)C3C(C(C(O3)COS(=O)(=O)NC(=O)C4CCCN4)O)O)N	0	C15 H21 N7 O7 S	456.2234938480907	-3.868899999999997	1.0	False	True	False	False	False	False	True	True	/home/basantab/NTF2_project/20191216_deNovoNTF2DockingBenchmark_RIFDOCK/addPartialChargesConvertParams/P5A/P5A.params	21
DHY	/home/basantab/NTF2_project/20191216_deNovoNTF2DockingBenchmark_RIFDOCK/addPartialChargesConvertParams/DHY/DHY.mol2	/home/basantab/NTF2_project/20191216_deNovoNTF2DockingBenchmark_RIFDOCK/addPartialChargesConvertParams/DHY/DHY_0001_min_0001.pdb	2-(3,4-dihydroxyphenyl)acetic acid	c1cc(c(cc1CC(=O)O)O)O	0	C8 H8 O4	176.104858992	-1.3130000000000004	-1.0	False	False	False	False	True	False	False	False	/home/basantab/NTF2_project/20191216_deNovoNTF2DockingBenchmark_RIFDOCK/addPartialChargesConvertParams/DHY/DHY.params	20
GYP	/home/basantab/NTF2_project/20191216_deNovoNTF2DockingBenchmark_RIFDOCK/addPartialChargesConvertParams/GYP/GYP.mol2	/home/basantab/NTF2_project/20191216_deNovoNTF2DockingBenchmark_RIFDOCK/addPartialChargesConvertParams/GYP/GYP_0001_min_0001.pdb	methyl-alpha-d-glucopyranoside	COC1C(C(C(C(O1)CO)O)O)O	0	C7 H14 O6	194.079038168	-2.5672999999999986	0.0	False	False	True	False	False	False	False	False	/home/basantab/NTF2_project/20191216_deNovoNTF2DockingBenchmark_RIFDOCK/addPartialChargesConvertParams/GYP/GYP.params	11
TCH	/home/basantab/NTF2_project/20191216_deNovoNTF2DockingBenchmark_RIFDOCK/addPartialChargesConvertParams/TCH/TCH.mol2	/home/basantab/NTF2_project/20191216_deNovoNTF2DockingBenchmark_RIFDOCK/addPartialChargesConvertParams/TCH/TCH_0001_min_0001.pdb	taurocholic acid	CC(CCC(=O)NCCS(=O)(=O)O)C1CCC2C1(C(CC3C2C(CC4C3(CCC(C4)O)C)O)O)C	0	C26 H45 N O7 S	519.3229739080011	2.676100000000001	-1.0	False	False	False	True	False	False	True	False	/home/basantab/NTF2_project/20191216_deNovoNTF2DockingBenchmark_RIFDOCK/addPartialChargesConvertParams/TCH/TCH.params	30
CDI	/home/basantab/NTF2_project/20191216_deNovoNTF2DockingBenchmark_RIFDOCK/addPartialChargesConvertParams/CDI/CDI.mol2	/home/basantab/NTF2_project/20191216_deNovoNTF2DockingBenchmark_RIFDOCK/addPartialChargesConvertParams/CDI/CDI_0001_min_0001.pdb	2c-methyl-d-erythritol 2,4-cyclodiphosphate	CC1(C(COP(=O)(OP(=O)(O1)O)O)O)CO	0	C5 H12 O9 P2	282.0269553520003	-4.041899999999998	-2.0	True	False	False	False	False	False	False	False	/home/basantab/NTF2_project/20191216_deNovoNTF2DockingBenchmark_RIFDOCK/addPartialChargesConvertParams/CDI/CDI.params	7
48Z	/home/basantab/NTF2_project/20191216_deNovoNTF2DockingBenchmark_RIFDOCK/addPartialChargesConvertParams/48Z/48Z.mol2	/home/basantab/NTF2_project/20191216_deNovoNTF2DockingBenchmark_RIFDOCK/addPartialChargesConvertParams/48Z/48Z_0001_min_0001.pdb	2-deoxy-2-fluoro-5-o-thiophosphono-alpha-d-arabinofuranose	C(C1C(C(C(O1)O)F)O)OP(=O)(O)S	0	C5 H10 F O6 P S	250.00762395400002	-0.5506000000000002	-0.0	False	True	False	False	False	True	False	False	/home/basantab/NTF2_project/20191216_deNovoNTF2DockingBenchmark_RIFDOCK/addPartialChargesConvertParams/48Z/48Z.params	19
EQU	/home/basantab/NTF2_project/20191216_deNovoNTF2DockingBenchmark_RIFDOCK/addPartialChargesConvertParams/EQU/EQU.mol2	/home/basantab/NTF2_project/20191216_deNovoNTF2DockingBenchmark_RIFDOCK/addPartialChargesConvertParams/EQU/EQU_0001_min_0001.pdb	equilenin	CC12CCc3c4ccc(cc4ccc3C1CCC2=O)O	0	C18 H18 O2	278.2245802000003	3.9444000000000026	0.0	False	False	False	True	True	False	False	False	/home/basantab/NTF2_project/20191216_deNovoNTF2DockingBenchmark_RIFDOCK/addPartialChargesConvertParams/EQU/EQU.params	3
DPV	/home/basantab/NTF2_project/20191216_deNovoNTF2DockingBenchmark_RIFDOCK/addPartialChargesConvertParams/DPV/DPV.mol2	/home/basantab/NTF2_project/20191216_deNovoNTF2DockingBenchmark_RIFDOCK/addPartialChargesConvertParams/DPV/DPV_0001_min_0001.pdb	dodecyl 2-(trimethylammonio)ethyl phosphate	CCCCCCCCCCCCOP(=O)([O-])OCC[N+](C)(C)C	0	C17 H38 N O4 P	354.2767718420911	3.0449	-0.0	True	False	False	False	False	False	False	False	/home/basantab/NTF2_project/20191216_deNovoNTF2DockingBenchmark_RIFDOCK/addPartialChargesConvertParams/DPV/DPV.params	36
UFG	/home/basantab/NTF2_project/20191216_deNovoNTF2DockingBenchmark_RIFDOCK/addPartialChargesConvertParams/UFG/UFG.mol2	/home/basantab/NTF2_project/20191216_deNovoNTF2DockingBenchmark_RIFDOCK/addPartialChargesConvertParams/UFG/UFG_0001_min_0001.pdb	uridine-5'-diphosphate-4-deoxy-4-fluoro-alpha-d-galactose	C1=CN(C(=O)NC1=O)C2C(C(C(O2)COP(=O)(O)OP(=O)(O)OC3C(C(C(C(O3)CO)F)O)O)O)O	0	C15 H23 F N2 O16 P2	578.1289344560005	-7.220899999999991	-2.0	True	True	True	False	False	True	False	False	/home/basantab/NTF2_project/20191216_deNovoNTF2DockingBenchmark_RIFDOCK/addPartialChargesConvertParams/UFG/UFG.params	25
A6A	/home/basantab/NTF2_project/20191216_deNovoNTF2DockingBenchmark_RIFDOCK/addPartialChargesConvertParams/A6A/A6A.mol2	/home/basantab/NTF2_project/20191216_deNovoNTF2DockingBenchmark_RIFDOCK/addPartialChargesConvertParams/A6A/A6A_0001_min_0001.pdb	2-(6-amino-9h-purin-9-yl)-1,5-anhydro-2-deoxy-6-o-phosphono-d-altritol	c1nc(c2c(n1)n(cn2)C3COC(C(C3O)O)COP(=O)(O)O)N	0	C11 H16 N5 O7 P	371.1569848020003	-4.154699999999997	-2.0	True	False	True	False	False	False	False	True	/home/basantab/NTF2_project/20191216_deNovoNTF2DockingBenchmark_RIFDOCK/addPartialChargesConvertParams/A6A/A6A.params	46
M7M	/home/basantab/NTF2_project/20191216_deNovoNTF2DockingBenchmark_RIFDOCK/addPartialChargesConvertParams/M7M/M7M.mol2	/home/basantab/NTF2_project/20191216_deNovoNTF2DockingBenchmark_RIFDOCK/addPartialChargesConvertParams/M7M/M7M_0001_min_0001.pdb	n,n,7-trimethylguanosine 5'-(trihydrogen diphosphate)	CN1CN(C2=C1C(=O)N=C(N2)N(C)C)C3C(C(C(O3)COP(=O)(O)OP(=O)(O)O)O)O	0	C13 H23 N5 O11 P2	497.1651801360004	-6.313799999999996	-3.0	True	True	False	False	False	False	False	False	/home/basantab/NTF2_project/20191216_deNovoNTF2DockingBenchmark_RIFDOCK/addPartialChargesConvertParams/M7M/M7M.params	9
RET	/home/basantab/NTF2_project/20191216_deNovoNTF2DockingBenchmark_RIFDOCK/addPartialChargesConvertParams/RET/RET.mol2	/home/basantab/NTF2_project/20191216_deNovoNTF2DockingBenchmark_RIFDOCK/addPartialChargesConvertParams/RET/RET_0001_min_0001.pdb	retinal	CC1=C(C(CCC1)(C)C)C=CC(=CC=CC(=CC=O)C)C	5	C20 H28 O	296.30791590000075	5.716900000000005	0.0	False	False	False	False	False	False	False	False	/home/basantab/NTF2_project/20191216_deNovoNTF2DockingBenchmark_RIFDOCK/addPartialChargesConvertParams/RET/RET.params	35
OBN	/home/basantab/NTF2_project/20191216_deNovoNTF2DockingBenchmark_RIFDOCK/addPartialChargesConvertParams/OBN/OBN.mol2	/home/basantab/NTF2_project/20191216_deNovoNTF2DockingBenchmark_RIFDOCK/addPartialChargesConvertParams/OBN/OBN_0001_min_0001.pdb	ouabain	CC1C(C(C(C(O1)OC2CC(C3(C4C(CCC3(C2)O)C5(CCC(C5(CC4O)C)C6=CC(=O)OC6)O)CO)O)O)O)O	0	C29 H44 O12	588.314576976001	-1.5149999999999975	0.0	False	False	True	True	False	False	False	False	/home/basantab/NTF2_project/20191216_deNovoNTF2DockingBenchmark_RIFDOCK/addPartialChargesConvertParams/OBN/OBN.params	45
BTN	/home/basantab/NTF2_project/20191216_deNovoNTF2DockingBenchmark_RIFDOCK/addPartialChargesConvertParams/BTN/BTN.mol2	/home/basantab/NTF2_project/20191216_deNovoNTF2DockingBenchmark_RIFDOCK/addPartialChargesConvertParams/BTN/BTN_0001_min_0001.pdb	biotin	C1C2C(C(S1)CCCCC(=O)O)NC(=O)N2	1	C10 H16 N2 O3 S	248.1194635	-1.2410999999999974	-1.0	False	False	False	False	False	False	False	False	/home/basantab/NTF2_project/20191216_deNovoNTF2DockingBenchmark_RIFDOCK/addPartialChargesConvertParams/BTN/BTN.params	2
AUB	/home/basantab/NTF2_project/20191216_deNovoNTF2DockingBenchmark_RIFDOCK/addPartialChargesConvertParams/AUB/AUB.mol2	/home/basantab/NTF2_project/20191216_deNovoNTF2DockingBenchmark_RIFDOCK/addPartialChargesConvertParams/AUB/AUB_0001_min_0001.pdb	4-[(trans-4-{[(3s,5s,7s)-tricyclo[3.3.1.1~3,7~]dec-1-ylcarbamoyl]amino}cyclohexyl)oxy]benzoic acid	c1cc(ccc1C(=O)O)OC2CCC(CC2)NC(=O)NC34CC5CC(C3)CC(C5)C4	0	C24 H32 N2 O4	422.31445782400084	2.3638000000000003	-1.0	False	False	False	False	True	False	False	False	/home/basantab/NTF2_project/20191216_deNovoNTF2DockingBenchmark_RIFDOCK/addPartialChargesConvertParams/AUB/AUB.params	1
2ZV	/home/basantab/NTF2_project/20191216_deNovoNTF2DockingBenchmark_RIFDOCK/addPartialChargesConvertParams/2ZV/2ZV.mol2	/home/basantab/NTF2_project/20191216_deNovoNTF2DockingBenchmark_RIFDOCK/addPartialChargesConvertParams/2ZV/2ZV_0001_min_0001.pdb	4-methyl-3-nitropyridin-2-amine	Cc1ccnc(c1[N+](=O)[O-])N	0	C6 H7 N3 O2	161.11642672	0.7742199999999999	-0.0	False	False	False	False	False	False	False	False	/home/basantab/NTF2_project/20191216_deNovoNTF2DockingBenchmark_RIFDOCK/addPartialChargesConvertParams/2ZV/2ZV.params	18
I2C	/home/basantab/NTF2_project/20191216_deNovoNTF2DockingBenchmark_RIFDOCK/addPartialChargesConvertParams/I2C/I2C.mol2	/home/basantab/NTF2_project/20191216_deNovoNTF2DockingBenchmark_RIFDOCK/addPartialChargesConvertParams/I2C/I2C_0001_min_0001.pdb	5'-o-[(s)-hydroxy{[2-hydroxy-3,5-dimethyl-6-(2-oxoethyl)pyridin-4-yl]oxy}phosphoryl]guanosine	Cc1c(nc(c(c1OP(=O)(O)OCC2C(C(C(O2)n3cnc4c3N=C(NC4=O)N)O)O)C)O)CC=O	0	C19 H23 N6 O10 P	544.2621781420006	-2.726359999999997	-1.0	True	True	False	False	False	False	False	True	/home/basantab/NTF2_project/20191216_deNovoNTF2DockingBenchmark_RIFDOCK/addPartialChargesConvertParams/I2C/I2C.params	16
EU7	/home/basantab/NTF2_project/20191216_deNovoNTF2DockingBenchmark_RIFDOCK/addPartialChargesConvertParams/EU7/EU7.mol2	/home/basantab/NTF2_project/20191216_deNovoNTF2DockingBenchmark_RIFDOCK/addPartialChargesConvertParams/EU7/EU7_0001_min_0001.pdb	(1s)-1-[(3r,5r,7r)-tricyclo[3.3.1.1~3,7~]decan-1-yl]ethan-1-amine	CC(C12CC3CC(C1)CC(C3)C2)N	0	C12 H21 N	180.17467612408998	1.8331999999999993	1.0	False	False	False	False	False	False	False	False	/home/basantab/NTF2_project/20191216_deNovoNTF2DockingBenchmark_RIFDOCK/addPartialChargesConvertParams/EU7/EU7.params	48
CTN	/home/basantab/NTF2_project/20191216_deNovoNTF2DockingBenchmark_RIFDOCK/addPartialChargesConvertParams/CTN/CTN.mol2	/home/basantab/NTF2_project/20191216_deNovoNTF2DockingBenchmark_RIFDOCK/addPartialChargesConvertParams/CTN/CTN_0001_min_0001.pdb	4-amino-1-beta-d-ribofuranosyl-2(1h)-pyrimidinone	C1=CN(C(=O)N=C1N)C2C(C(C(O2)CO)O)O	0	C9 H13 N3 O5	249.132470708	-2.5629999999999997	-0.0	False	True	False	False	False	False	False	True	/home/basantab/NTF2_project/20191216_deNovoNTF2DockingBenchmark_RIFDOCK/addPartialChargesConvertParams/CTN/CTN.params	8
PPQ	/home/basantab/NTF2_project/20191216_deNovoNTF2DockingBenchmark_RIFDOCK/addPartialChargesConvertParams/PPQ/PPQ.mol2	/home/basantab/NTF2_project/20191216_deNovoNTF2DockingBenchmark_RIFDOCK/addPartialChargesConvertParams/PPQ/PPQ_0001_min_0001.pdb	phosphinothricin	CP(=O)(CCC(C(=O)O)N)O	0	C5 H12 N O4 P	186.08897107408998	-3.0660999999999987	-0.0	False	False	False	False	False	False	False	False	/home/basantab/NTF2_project/20191216_deNovoNTF2DockingBenchmark_RIFDOCK/addPartialChargesConvertParams/PPQ/PPQ.params	41
P2H	/home/basantab/NTF2_project/20191216_deNovoNTF2DockingBenchmark_RIFDOCK/addPartialChargesConvertParams/P2H/P2H.mol2	/home/basantab/NTF2_project/20191216_deNovoNTF2DockingBenchmark_RIFDOCK/addPartialChargesConvertParams/P2H/P2H_0001_min_0001.pdb	1-(2-hydroxy-2,2-diphosphonoethyl)-3-phenylpyridinium	c1ccc(cc1)c2ccc[n+](c2)CC(O)(P(=O)(O)O)P(=O)(O)O	0	C13 H16 N O7 P2 1	375.15757559200046	0.6425999999999994	1.0	False	False	False	False	True	False	False	False	/home/basantab/NTF2_project/20191216_deNovoNTF2DockingBenchmark_RIFDOCK/addPartialChargesConvertParams/P2H/P2H.params	43
H1L	/home/basantab/NTF2_project/20191216_deNovoNTF2DockingBenchmark_RIFDOCK/addPartialChargesConvertParams/H1L/H1L.mol2	/home/basantab/NTF2_project/20191216_deNovoNTF2DockingBenchmark_RIFDOCK/addPartialChargesConvertParams/H1L/H1L_0001_min_0001.pdb	(2r)-2-(4-{[3-chloro-5-(trifluoromethyl)pyridin-2-yl]oxy}phenoxy)propanoic acid	CC(C(=O)O)Oc1ccc(cc1)Oc2c(cc(cn2)C(F)(F)F)Cl	0	C15 H11 Cl F3 N O4	355.19704303600025	2.0151199999999996	-1.0	False	False	False	False	True	True	False	False	/home/basantab/NTF2_project/20191216_deNovoNTF2DockingBenchmark_RIFDOCK/addPartialChargesConvertParams/H1L/H1L.params	27
8H6	/home/basantab/NTF2_project/20191216_deNovoNTF2DockingBenchmark_RIFDOCK/addPartialChargesConvertParams/8H6/8H6.mol2	/home/basantab/NTF2_project/20191216_deNovoNTF2DockingBenchmark_RIFDOCK/addPartialChargesConvertParams/8H6/8H6_0001_min_0001.pdb	s-[2-[3-[[(2r)-3,3-dimethyl-2,4-bis(oxidanyl)butanoyl]amino]propanoylamino]ethyl] (2r)-2-methyl-3-oxidanylidene-pentanethioate	CCC(=O)C(C)C(=O)SCCNC(=O)CCNC(=O)C(C(C)(C)CO)O	0	C17 H30 N2 O6 S	398.24505793600076	-0.13669999999999888	0.0	False	False	False	False	False	False	False	False	/home/basantab/NTF2_project/20191216_deNovoNTF2DockingBenchmark_RIFDOCK/addPartialChargesConvertParams/8H6/8H6.params	10
DQX	/home/basantab/NTF2_project/20191216_deNovoNTF2DockingBenchmark_RIFDOCK/addPartialChargesConvertParams/DQX/DQX.mol2	/home/basantab/NTF2_project/20191216_deNovoNTF2DockingBenchmark_RIFDOCK/addPartialChargesConvertParams/DQX/DQX_0001_min_0001.pdb	8-[3,5-difluoro-4-(morpholin-4-ylmethyl)phenyl]-2-(1-piperidin-4-yl-1h-pyrazol-4-yl)quinoxaline	c1cc(c2c(c1)ncc(n2)c3cnn(c3)C4CCNCC4)c5cc(c(c(c5)F)CN6CCOCC6)F	0	C27 H28 F2 N6 O	512.400319500181	1.7518999999999996	2.0	False	False	False	False	True	True	False	False	/home/basantab/NTF2_project/20191216_deNovoNTF2DockingBenchmark_RIFDOCK/addPartialChargesConvertParams/DQX/DQX.params	39
G3A	/home/basantab/NTF2_project/20191216_deNovoNTF2DockingBenchmark_RIFDOCK/addPartialChargesConvertParams/G3A/G3A.mol2	/home/basantab/NTF2_project/20191216_deNovoNTF2DockingBenchmark_RIFDOCK/addPartialChargesConvertParams/G3A/G3A_0001_min_0001.pdb	guanosine-p3-adenosine-5',5'-triphosphate	c1nc(c2c(n1)n(cn2)C3C(C(C(O3)COP(=O)(O)OP(=O)(O)OP(=O)(O)OCC4C(C(C(O4)n5cnc6c5N=C(NC6=O)N)O)O)O)O)N	0	C20 H27 N10 O17 P3	794.2489999980006	-8.37670000000001	-3.0	True	True	False	False	False	False	False	True	/home/basantab/NTF2_project/20191216_deNovoNTF2DockingBenchmark_RIFDOCK/addPartialChargesConvertParams/G3A/G3A.params	12
0FV	/home/basantab/NTF2_project/20191216_deNovoNTF2DockingBenchmark_RIFDOCK/addPartialChargesConvertParams/0FV/0FV.mol2	/home/basantab/NTF2_project/20191216_deNovoNTF2DockingBenchmark_RIFDOCK/addPartialChargesConvertParams/0FV/0FV_0001_min_0001.pdb	(2z)-2-fluoro-3,7-dimethylocta-2,6-dien-1-yl trihydrogen diphosphate	CC(=CCCC(=C(COP(=O)(O)OP(=O)(O)O)F)C)C	0	C10 H19 F O7 P2	340.1216046840005	-0.8337999999999997	-3.0	True	False	False	False	False	True	False	False	/home/basantab/NTF2_project/20191216_deNovoNTF2DockingBenchmark_RIFDOCK/addPartialChargesConvertParams/0FV/0FV.params	33
5RW	/home/basantab/NTF2_project/20191216_deNovoNTF2DockingBenchmark_RIFDOCK/addPartialChargesConvertParams/5RW/5RW.mol2	/home/basantab/NTF2_project/20191216_deNovoNTF2DockingBenchmark_RIFDOCK/addPartialChargesConvertParams/5RW/5RW_0001_min_0001.pdb	2-azanyl-8-[(4-fluorophenyl)methylsulfanyl]-1,7-dihydropurin-6-one	c1cc(ccc1CSc2[nH]c3c(n2)N=C(NC3=O)N)F	0	C12 H10 F N5 O S	305.1685596080003	1.6597999999999993	0.0	False	False	False	False	True	True	False	True	/home/basantab/NTF2_project/20191216_deNovoNTF2DockingBenchmark_RIFDOCK/addPartialChargesConvertParams/5RW/5RW.params	31
GNP	/home/basantab/NTF2_project/20191216_deNovoNTF2DockingBenchmark_RIFDOCK/addPartialChargesConvertParams/GNP/GNP.mol2	/home/basantab/NTF2_project/20191216_deNovoNTF2DockingBenchmark_RIFDOCK/addPartialChargesConvertParams/GNP/GNP_0001_min_0001.pdb	phosphoaminophosphonic acid-guanylate ester	c1nc2c(n1C3C(C(C(O3)COP(=O)(O)OP(=O)(NP(=O)(O)O)O)O)O)N=C(NC2=O)N	6	C10 H17 N6 O13 P3	536.1161949420004	-6.7990999999999975	-3.0	True	True	False	False	False	False	False	True	/home/basantab/NTF2_project/20191216_deNovoNTF2DockingBenchmark_RIFDOCK/addPartialChargesConvertParams/GNP/GNP.params	34
IHP	/home/basantab/NTF2_project/20191216_deNovoNTF2DockingBenchmark_RIFDOCK/addPartialChargesConvertParams/IHP/IHP.mol2	/home/basantab/NTF2_project/20191216_deNovoNTF2DockingBenchmark_RIFDOCK/addPartialChargesConvertParams/IHP/IHP_0001_min_0001.pdb	inositol hexakisphosphate	C1(C(C(C(C(C1OP(=O)(O)O)OP(=O)(O)O)OP(=O)(O)O)OP(=O)(O)O)OP(=O)(O)O)OP(=O)(O)O	1	C6 H18 O24 P6	671.9552716200002	-17.137799999999995	-12.0	True	False	False	False	False	False	False	False	/home/basantab/NTF2_project/20191216_deNovoNTF2DockingBenchmark_RIFDOCK/addPartialChargesConvertParams/IHP/IHP.params	15
