	ligand	rif	score:	score	rank:	rank	dist0:	dist0	packscore:	packscore	score2:	score2	steric:	steric	cluster:	cluster	rifrank:	rifrank	unk	path	scaffold	is_native	mol2_path	pdb_path	smi	bin	formula	MW	logp	charge	has_phosphate	has_furanose	has_pyranose	has_sterol	has_benzene	has_halide	has_sulfonate	has_DNA_base	vol	qdocksn	advantage	name
DQX	DQX	rif	score:	0	rank	0	dist0:	16.43	packscore:	-73.667	score:	-75.553	steric:	-7.468	cluster:	39	rifrank:	313474	0.5848399999999999	rifdock_output/IPQZYEHY_BasicBeNTF2_designed_0000_000000000.pdb.gz	IPQZYEHY_BasicBeNTF2_designed	False	/home/basantab/NTF2_project/20191216_deNovoNTF2DockingBenchmark_RIFDOCK/addPartialChargesConvertParams/DQX/DQX.mol2	/home/basantab/NTF2_project/20191216_deNovoNTF2DockingBenchmark_RIFDOCK/addPartialChargesConvertParams/DQX/DQX_0001_min_0001.pdb	c1cc(c2c(c1)ncc(n2)c3cnn(c3)C4CCNCC4)c5cc(c(c(c5)F)CN6CCOCC6)F	0	C27 H28 F2 N6 O	512.400319500181	1.7518999999999996	2.0	False	False	False	False	True	True	False	False	398.0	4645	1.5107231317992649	8-[3,5-difluoro-4-(morpholin-4-ylmethyl)phenyl]-2-(1-piperidin-4-yl-1h-pyrazol-4-yl)quinoxaline
5XE	5XE	rif	score:	0	rank	0	dist0:	17.57	packscore:	-76.001	score:	-57.826	steric:	-4.729	cluster:	4	rifrank:	63558	0.11896	rifdock_output/IPQZYEHY_BasicBeNTF2_designed_0000_000000000.pdb.gz	IPQZYEHY_BasicBeNTF2_designed	False	/home/basantab/NTF2_project/20191216_deNovoNTF2DockingBenchmark_RIFDOCK/addPartialChargesConvertParams/5XE/5XE.mol2	/home/basantab/NTF2_project/20191216_deNovoNTF2DockingBenchmark_RIFDOCK/addPartialChargesConvertParams/5XE/5XE_0001_min_0001.pdb	Cc1cc(ccc1S(=O)(=O)Nc2cc3c(cc2OC)N(C(=O)N3C)C)Br	0	C17 H18 Br N3 O4 S	389.2519580320005	0.7886199999999997	0.0	False	False	False	False	True	True	False	False	398.0	4645	1.151376450065476	4-bromanyl-~{n}-(6-methoxy-1,3-dimethyl-2-oxidanylidene-benzimidazol-5-yl)-2-methyl-benzenesulfonamide
5RW	5RW	rif	score:	0	rank	0	dist0:	14.95	packscore:	-64.03699999999999	score:	-50.698	steric:	-3.9619999999999997	cluster:	31	rifrank:	283236	0.53177	rifdock_output/RKZXMATG_BasicBeNTF2_designed_0000_000000000.pdb.gz	RKZXMATG_BasicBeNTF2_designed	False	/home/basantab/NTF2_project/20191216_deNovoNTF2DockingBenchmark_RIFDOCK/addPartialChargesConvertParams/5RW/5RW.mol2	/home/basantab/NTF2_project/20191216_deNovoNTF2DockingBenchmark_RIFDOCK/addPartialChargesConvertParams/5RW/5RW_0001_min_0001.pdb	c1cc(ccc1CSc2[nH]c3c(n2)N=C(NC3=O)N)F	0	C12 H10 F N5 O S	305.1685596080003	1.6597999999999993	0.0	False	False	False	False	True	True	False	True	455.0	4645	0.6253849942404273	2-azanyl-8-[(4-fluorophenyl)methylsulfanyl]-1,7-dihydropurin-6-one
DYH	DYH	rif	score:	0	rank	0	dist0:	82.37	packscore:	-58.102	score:	-10.226	steric:	1.725	cluster:	23	rifrank:	185384	0.84257	rifdock_output/d2chca1_0001_000000000.pdb.gz	d2chca1	True	/home/basantab/NTF2_project/20191216_deNovoNTF2DockingBenchmark_RIFDOCK/addPartialChargesConvertParams/DYH/DYH.mol2	/home/basantab/NTF2_project/20191216_deNovoNTF2DockingBenchmark_RIFDOCK/addPartialChargesConvertParams/DYH/DYH_0001_min_0001.pdb	CNC1C(COC2C1OC(C2)(CC(C(=O)O)N)C(=O)O)O	0	C12 H20 N2 O7	310.17290401218065	-8.07040000000001	0.0	False	True	True	False	False	False	False	False	712.0001273160001	4365	-0.31334911948776023	(2r,3ar,6s,7r,7ar)-2-[(2s)-2-amino-2-carboxyethyl]-6-hydroxy-7-(methylamino)hexahydro-2h-furo[3,2-b]pyran-2-carboxylic acid
I2C	I2C	rif	score:	0	rank	0	dist0:	54.16	packscore:	-69.28399999999999	score:	-31.389	steric:	-0.8320000000000001	cluster:	16	rifrank:	115513	0.18541	rifdock_output/d2gexa1_0001_000000000.pdb.gz	d2gexa1	True	/home/basantab/NTF2_project/20191216_deNovoNTF2DockingBenchmark_RIFDOCK/addPartialChargesConvertParams/I2C/I2C.mol2	/home/basantab/NTF2_project/20191216_deNovoNTF2DockingBenchmark_RIFDOCK/addPartialChargesConvertParams/I2C/I2C_0001_min_0001.pdb	Cc1c(nc(c(c1OP(=O)(O)OCC2C(C(C(O2)n3cnc4c3N=C(NC4=O)N)O)O)C)O)CC=O	0	C19 H23 N6 O10 P	544.2621781420006	-2.726359999999997	-1.0	True	True	False	False	False	False	False	True	1375.0	4631	-0.29743381684439774	5'-o-[(s)-hydroxy{[2-hydroxy-3,5-dimethyl-6-(2-oxoethyl)pyridin-4-yl]oxy}phosphoryl]guanosine
48Z	48Z	rif	score:	0	rank	0	dist0:	16.43	packscore:	-46.544	score:	-18.347	steric:	-0.24	cluster:	19	rifrank:	986	0.0018800000000000002	rifdock_output/MYWJWGMP_BasicBeNTF2_designed_0000_000000000.pdb.gz	MYWJWGMP_BasicBeNTF2_designed	False	/home/basantab/NTF2_project/20191216_deNovoNTF2DockingBenchmark_RIFDOCK/addPartialChargesConvertParams/48Z/48Z.mol2	/home/basantab/NTF2_project/20191216_deNovoNTF2DockingBenchmark_RIFDOCK/addPartialChargesConvertParams/48Z/48Z_0001_min_0001.pdb	C(C1C(C(C(O1)O)F)O)OP(=O)(O)S	0	C5 H10 F O6 P S	250.00762395400002	-0.5506000000000002	-0.0	False	True	False	False	False	True	False	False	730.000261068	4484	0.7954529180636358	2-deoxy-2-fluoro-5-o-thiophosphono-alpha-d-arabinofuranose
AEE	AEE	rif	score:	0	rank	0	dist0:	14.96	packscore:	-74.131	score:	-51.244	steric:	-6.1370000000000005	cluster:	47	rifrank:	270416	0.50937	rifdock_output/EYCDFOJC_BasicBeNTF2_designed_0000_000000000.pdb.gz	EYCDFOJC_BasicBeNTF2_designed	False	/home/basantab/NTF2_project/20191216_deNovoNTF2DockingBenchmark_RIFDOCK/addPartialChargesConvertParams/AEE/AEE.mol2	/home/basantab/NTF2_project/20191216_deNovoNTF2DockingBenchmark_RIFDOCK/addPartialChargesConvertParams/AEE/AEE_0001_min_0001.pdb	CCN1CCN(CC1)Cc2ccc(cc2)c3cc4c([nH]3)ncnc4NC(C)c5ccccc5	0	C27 H32 N6	462.4398985681809	2.101300000000001	2.0	False	False	False	False	True	False	False	False	312.0	4645	0.1684849880693049	6-{4-[(4-ethylpiperazin-1-yl)methyl]phenyl}-n-[(1r)-1-phenylethyl]-7h-pyrrolo[2,3-d]pyrimidin-4-amine
9U4	9U4	rif	score:	0	rank	0	dist0:	18.11	packscore:	-72.477	score:	-82.934	steric:	-8.134	cluster:	37	rifrank:	277308	0.5168	rifdock_output/IPQZYEHY_BasicBeNTF2_designed_0000_000000000.pdb.gz	IPQZYEHY_BasicBeNTF2_designed	False	/home/basantab/NTF2_project/20191216_deNovoNTF2DockingBenchmark_RIFDOCK/addPartialChargesConvertParams/9U4/9U4.mol2	/home/basantab/NTF2_project/20191216_deNovoNTF2DockingBenchmark_RIFDOCK/addPartialChargesConvertParams/9U4/9U4_0001_min_0001.pdb	CNC(=O)N1CCc2c(c(nn2C3CCOCC3)N4CCCc5c4cc(c(c5)c6cnn(c6)C)C(F)F)C1	0	C27 H33 F2 N7 O2	541.391580248001	4.354500000000003	-0.0	False	False	True	False	True	True	False	False	398.0	4645	1.2857786285158261	3-[7-(difluoromethyl)-6-(1-methyl-1h-pyrazol-4-yl)-3,4-dihydroquinolin-1(2h)-yl]-n-methyl-1-(oxan-4-yl)-1,4,6,7-tetrahydro-5h-pyrazolo[4,3-c]pyridine-5-carboxamide
CME	CME	rif	score:	0	rank	0	dist0:	12.54	packscore:	-48.355	score:	-16.66	steric:	-0.363	cluster:	6	rifrank:	42605	0.0813	rifdock_output/LIQUBIML_BasicBeNTF2_designed_0000_000000000.pdb.gz	LIQUBIML_BasicBeNTF2_designed	False	/home/basantab/NTF2_project/20191216_deNovoNTF2DockingBenchmark_RIFDOCK/addPartialChargesConvertParams/CME/CME.mol2	/home/basantab/NTF2_project/20191216_deNovoNTF2DockingBenchmark_RIFDOCK/addPartialChargesConvertParams/CME/CME_0001_min_0001.pdb	C(CSSCC(C(=O)O)N)O	6	C5 H11 N O3 S2	200.04096172808997	-2.9826999999999986	0.0	False	False	False	False	False	False	False	False	505.0	4408	0.1783329142550758	s,s-(2-hydroxyethyl)thiocysteine
CTN	CTN	rif	score:	0	rank	0	dist0:	14.84	packscore:	-59.053000000000004	score:	-21.340999999999998	steric:	0.499	cluster:	8	rifrank:	58272	0.11020999999999999	rifdock_output/HQHAOVYZ_BasicBeNTF2_designed_0000_000000000.pdb.gz	HQHAOVYZ_BasicBeNTF2_designed	False	/home/basantab/NTF2_project/20191216_deNovoNTF2DockingBenchmark_RIFDOCK/addPartialChargesConvertParams/CTN/CTN.mol2	/home/basantab/NTF2_project/20191216_deNovoNTF2DockingBenchmark_RIFDOCK/addPartialChargesConvertParams/CTN/CTN_0001_min_0001.pdb	C1=CN(C(=O)N=C1N)C2C(C(C(O2)CO)O)O	0	C9 H13 N3 O5	249.132470708	-2.563	-0.0	False	True	False	False	False	False	False	True	732.0	4585	0.7331538020875445	4-amino-1-beta-d-ribofuranosyl-2(1h)-pyrimidinone
UFG	UFG	rif	score:	0	rank	0	dist0:	53.24	packscore:	-60.702	score:	-18.910999999999998	steric:	0.53	cluster:	25	rifrank:	92069	0.14949	rifdock_output/d2gexa1_0001_000000000.pdb.gz	d2gexa1	True	/home/basantab/NTF2_project/20191216_deNovoNTF2DockingBenchmark_RIFDOCK/addPartialChargesConvertParams/UFG/UFG.mol2	/home/basantab/NTF2_project/20191216_deNovoNTF2DockingBenchmark_RIFDOCK/addPartialChargesConvertParams/UFG/UFG_0001_min_0001.pdb	C1=CN(C(=O)NC1=O)C2C(C(C(O2)COP(=O)(O)OP(=O)(O)OC3C(C(C(C(O3)CO)F)O)O)O)O	0	C15 H23 F N2 O16 P2	578.1289344560005	-7.220899999999991	-2.0	True	True	True	False	False	True	False	False	1375.0	4469	-0.9169654586966351	uridine-5'-diphosphate-4-deoxy-4-fluoro-alpha-d-galactose
TCH	TCH	rif	score:	0	rank	0	dist0:	63.68	packscore:	-63.516999999999996	score:	-41.092	steric:	-2.62	cluster:	30	rifrank:	851	0.0013800000000000002	rifdock_output/d3fgya__0001_000000000.pdb.gz	d3fgya_	True	/home/basantab/NTF2_project/20191216_deNovoNTF2DockingBenchmark_RIFDOCK/addPartialChargesConvertParams/TCH/TCH.mol2	/home/basantab/NTF2_project/20191216_deNovoNTF2DockingBenchmark_RIFDOCK/addPartialChargesConvertParams/TCH/TCH_0001_min_0001.pdb	CC(CCC(=O)NCCS(=O)(=O)O)C1CCC2C1(C(CC3C2C(CC4C3(CCC(C4)O)C)O)O)C	0	C26 H45 N O7 S	519.3229739080011	2.676100000000001	-1.0	False	False	False	True	False	False	True	False	1250.00044703	4643	-0.06614014970069038	taurocholic acid
OBN	OBN	rif	score:	0	rank	0	dist0:	18.08	packscore:	-63.095	score:	-41.238	steric:	1.0759999999999998	cluster:	45	rifrank:	65917	0.12372999999999999	rifdock_output/IPQZYEHY_BasicBeNTF2_designed_0000_000000000.pdb.gz	IPQZYEHY_BasicBeNTF2_designed	False	/home/basantab/NTF2_project/20191216_deNovoNTF2DockingBenchmark_RIFDOCK/addPartialChargesConvertParams/OBN/OBN.mol2	/home/basantab/NTF2_project/20191216_deNovoNTF2DockingBenchmark_RIFDOCK/addPartialChargesConvertParams/OBN/OBN_0001_min_0001.pdb	CC1C(C(C(C(O1)OC2CC(C3(C4C(CCC3(C2)O)C5(CCC(C5(CC4O)C)C6=CC(=O)OC6)O)CO)O)O)O)O	0	C29 H44 O12	588.3145769760009	-1.5149999999999977	0.0	False	False	True	True	False	False	False	False	398.0	4617	0.3555951054326947	ouabain
BDD	BDD	rif	score:	0	rank	0	dist0:	17.66	packscore:	-47.055	score:	-58.428999999999995	steric:	-4.476	cluster:	40	rifrank:	60628	0.11402999999999999	rifdock_output/IPQZYEHY_BasicBeNTF2_designed_0000_000000000.pdb.gz	IPQZYEHY_BasicBeNTF2_designed	False	/home/basantab/NTF2_project/20191216_deNovoNTF2DockingBenchmark_RIFDOCK/addPartialChargesConvertParams/BDD/BDD.mol2	/home/basantab/NTF2_project/20191216_deNovoNTF2DockingBenchmark_RIFDOCK/addPartialChargesConvertParams/BDD/BDD_0001_min_0001.pdb	C(CCCCCCBr)CCCCCO	0	C12 H25 Br O	198.215495884	3.4665000000000026	-0.0	False	False	False	False	False	True	False	False	398.0	4645	0.15698044558303526	bromo-dodecanol
P5A	P5A	rif	score:	0	rank	0	dist0:	13.53	packscore:	-55.402	score:	-34.338	steric:	-1.248	cluster:	21	rifrank:	43674	0.08213	rifdock_output/RKZXMATG_BasicBeNTF2_designed_0000_000000000.pdb.gz	RKZXMATG_BasicBeNTF2_designed	False	/home/basantab/NTF2_project/20191216_deNovoNTF2DockingBenchmark_RIFDOCK/addPartialChargesConvertParams/P5A/P5A.mol2	/home/basantab/NTF2_project/20191216_deNovoNTF2DockingBenchmark_RIFDOCK/addPartialChargesConvertParams/P5A/P5A_0001_min_0001.pdb	c1nc(c2c(n1)n(cn2)C3C(C(C(O3)COS(=O)(=O)NC(=O)C4CCCN4)O)O)N	0	C15 H21 N7 O7 S	456.22349384809064	-3.868899999999997	1.0	False	True	False	False	False	False	True	True	455.0	4605	0.06731981293842892	'5'-o-(n-(l-prolyl)-sulfamoyl)adenosine
EVT	EVT	rif	score:	0	rank	0	dist0:	15.75	packscore:	-83.23100000000001	score:	-37.11	steric:	-5.562	cluster:	29	rifrank:	236985	0.44292	rifdock_output/XXUZVSNH_BasicBeNTF2_designed_0000_000000000.pdb.gz	XXUZVSNH_BasicBeNTF2_designed	False	/home/basantab/NTF2_project/20191216_deNovoNTF2DockingBenchmark_RIFDOCK/addPartialChargesConvertParams/EVT/EVT.mol2	/home/basantab/NTF2_project/20191216_deNovoNTF2DockingBenchmark_RIFDOCK/addPartialChargesConvertParams/EVT/EVT_0001_min_0001.pdb	CCCCCCCCCCCCCCCC(=O)NC(CCC(=O)NC(CCC(=O)O)C(=O)O)C(=O)O	0	C26 H46 N2 O8	524.4036667520011	-1.8621999999999932	-3.0	False	False	False	False	False	False	False	False	761.0	4645	0.29258618853163654	(2~{s})-2-[[(4~{s})-4-(hexadecanoylamino)-5-oxidanyl-5-oxidanylidene-pentanoyl]amino]pentanedioic acid
GYP	GYP	rif	score:	0	rank	0	dist0:	16.75	packscore:	-46.816	score:	-18.846	steric:	-0.677	cluster:	11	rifrank:	766	0.00193	rifdock_output/ZPONSKHM_BasicBeNTF2_designed_0000_000000000.pdb.gz	ZPONSKHM_BasicBeNTF2_designed	False	/home/basantab/NTF2_project/20191216_deNovoNTF2DockingBenchmark_RIFDOCK/addPartialChargesConvertParams/GYP/GYP.mol2	/home/basantab/NTF2_project/20191216_deNovoNTF2DockingBenchmark_RIFDOCK/addPartialChargesConvertParams/GYP/GYP_0001_min_0001.pdb	COC1C(C(C(C(O1)CO)O)O)O	0	C7 H14 O6	194.07903816799998	-2.5672999999999986	0.0	False	False	True	False	False	False	False	False	403.0	4183	0.4071958187243174	methyl-alpha-d-glucopyranoside
TTG	TTG	rif	score:	0	rank	0	dist0:	12.57	packscore:	-84.84200000000001	score:	-57.036	steric:	-3.5589999999999997	cluster:	42	rifrank:	29778	0.05565	rifdock_output/ERSKGIDY_BasicBeNTF2_designed_0000_000000000.pdb.gz	ERSKGIDY_BasicBeNTF2_designed	False	/home/basantab/NTF2_project/20191216_deNovoNTF2DockingBenchmark_RIFDOCK/addPartialChargesConvertParams/TTG/TTG.mol2	/home/basantab/NTF2_project/20191216_deNovoNTF2DockingBenchmark_RIFDOCK/addPartialChargesConvertParams/TTG/TTG_0001_min_0001.pdb	CCC(C1=C(C(=O)N2Cc3cc4c(ccc(c4CN(C)C)O)nc3C2=C1)CO)(C(=O)O)O	0	C23 H25 N3 O6	458.32246254809064	-2.0880999999999967	-0.0	False	False	False	False	True	False	False	False	1064.00038052	4645	0.7308093956024688	2-(1-dimethylaminomethyl-2-hydroxy-8-hydroxymethyl-9-oxo-9,11-dihydro-indolizino[1,2-b]quinolin-7-yl)-2-hydroxy-butyric acid
M7M	M7M	rif	score:	0	rank	0	dist0:	18.51	packscore:	-73.172	score:	-28.82	steric:	-1.145	cluster:	9	rifrank:	529306	0.99169	rifdock_output/KNHUWXPL_BasicBeNTF2_designed_0000_000000000.pdb.gz	KNHUWXPL_BasicBeNTF2_designed	False	/home/basantab/NTF2_project/20191216_deNovoNTF2DockingBenchmark_RIFDOCK/addPartialChargesConvertParams/M7M/M7M.mol2	/home/basantab/NTF2_project/20191216_deNovoNTF2DockingBenchmark_RIFDOCK/addPartialChargesConvertParams/M7M/M7M_0001_min_0001.pdb	CN1CN(C2=C1C(=O)N=C(N2)N(C)C)C3C(C(C(O3)COP(=O)(O)OP(=O)(O)O)O)O	0	C13 H23 N5 O11 P2	497.16518013600034	-6.313799999999996	-3.0	True	True	False	False	False	False	False	False	620.0	4633	0.19316715911765847	n,n,7-trimethylguanosine 5'-(trihydrogen diphosphate)
GNP	GNP	rif	score:	0	rank	0	dist0:	17.98	packscore:	-74.972	score:	-26.19	steric:	6.1770000000000005	cluster:	34	rifrank:	547892	0.88381	rifdock_output/ERSKGIDY_BasicBeNTF2_designed_0000_000000000.pdb.gz	ERSKGIDY_BasicBeNTF2_designed	False	/home/basantab/NTF2_project/20191216_deNovoNTF2DockingBenchmark_RIFDOCK/addPartialChargesConvertParams/GNP/GNP.mol2	/home/basantab/NTF2_project/20191216_deNovoNTF2DockingBenchmark_RIFDOCK/addPartialChargesConvertParams/GNP/GNP_0001_min_0001.pdb	c1nc2c(n1C3C(C(C(O3)COP(=O)(O)OP(=O)(NP(=O)(O)O)O)O)O)N=C(NC2=O)N	6	C10 H17 N6 O13 P3	536.1161949420003	-6.7990999999999975	-3.0	True	True	False	False	False	False	False	True	1064.00038052	4603	0.6655754763361537	phosphoaminophosphonic acid-guanylate ester
C38	C38	rif	score:	0	rank	0	dist0:	14.01	packscore:	-74.003	score:	-31.021	steric:	-1.265	cluster:	0	rifrank:	41882	0.07887999999999999	rifdock_output/XBGMZVXW_BasicBeNTF2_designed_0000_000000000.pdb.gz	XBGMZVXW_BasicBeNTF2_designed	False	/home/basantab/NTF2_project/20191216_deNovoNTF2DockingBenchmark_RIFDOCK/addPartialChargesConvertParams/C38/C38.mol2	/home/basantab/NTF2_project/20191216_deNovoNTF2DockingBenchmark_RIFDOCK/addPartialChargesConvertParams/C38/C38_0001_min_0001.pdb	C1C(C(OC1N2C=C(C(=NC2=O)N)I)COP(=O)(O)O)O	0	C9 H13 I N3 O7 P	441.01618464200027	-3.146399999999999	-2.0	True	True	False	False	False	True	False	True	472.0001688	4628	1.0003083053175943	5-iodo-2'-deoxy-cytidine-5'-monophosphate
F91	F91	rif	score:	0	rank	0	dist0:	20.75	packscore:	-52.826	score:	-58.122	steric:	-5.474	cluster:	13	rifrank:	153440	0.28864	rifdock_output/IPQZYEHY_BasicBeNTF2_designed_0000_000000000.pdb.gz	IPQZYEHY_BasicBeNTF2_designed	False	/home/basantab/NTF2_project/20191216_deNovoNTF2DockingBenchmark_RIFDOCK/addPartialChargesConvertParams/F91/F91.mol2	/home/basantab/NTF2_project/20191216_deNovoNTF2DockingBenchmark_RIFDOCK/addPartialChargesConvertParams/F91/F91_0001_min_0001.pdb	c1cc2c(cc1NCc3ccncc3)OCCO2	0	C14 H14 N2 O2	254.19942807200002	2.4649	0.0	False	False	False	False	True	False	False	False	398.0	4645	0.3143380284477577	n-(pyridin-4-ylmethyl)-2,3-dihydro-1,4-benzodioxin-6-amine
MTT	MTT	rif	score:	0	rank	0	dist0:	17.92	packscore:	-54.511	score:	-10.363	steric:	1.251	cluster:	38	rifrank:	77346	0.63376	rifdock_output/d2a15a1_0001_000000000.pdb.gz	d2a15a1	True	/home/basantab/NTF2_project/20191216_deNovoNTF2DockingBenchmark_RIFDOCK/addPartialChargesConvertParams/MTT/MTT.mol2	/home/basantab/NTF2_project/20191216_deNovoNTF2DockingBenchmark_RIFDOCK/addPartialChargesConvertParams/MTT/MTT_0001_min_0001.pdb	C(C1C(C(C(C(O1)OC2C(OC(C(C2O)O)OC3C(OC(C(C3O)O)OC4C(OC(C(C4O)O)O)CO)CO)CO)O)O)O)O	0	C24 H42 O21	666.221858364001	-9.748800000000012	0.0	False	False	True	False	False	False	False	False	849.0	4343	-0.2579693401098937	maltotetraose
DHY	DHY	rif	score:	0	rank	0	dist0:	11.52	packscore:	-61.57	score:	-31.104	steric:	-0.9740000000000001	cluster:	20	rifrank:	13055	0.03203	rifdock_output/GESGWTXX_BasicBeNTF2_designed_0000_000000000.pdb.gz	GESGWTXX_BasicBeNTF2_designed	False	/home/basantab/NTF2_project/20191216_deNovoNTF2DockingBenchmark_RIFDOCK/addPartialChargesConvertParams/DHY/DHY.mol2	/home/basantab/NTF2_project/20191216_deNovoNTF2DockingBenchmark_RIFDOCK/addPartialChargesConvertParams/DHY/DHY_0001_min_0001.pdb	c1cc(c(cc1CC(=O)O)O)O	0	C8 H8 O4	176.104858992	-1.3130000000000004	-1.0	False	False	False	False	True	False	False	False	310.0	4617	0.6973961723546616	2-(3,4-dihydroxyphenyl)acetic acid
G3A	G3A	rif	score:	0	rank	0	dist0:	27.0	packscore:	-69.111	score:	-29.316	steric:	1.526	cluster:	12	rifrank:	58033	0.10797999999999999	rifdock_output/FYHLBYHS_BasicBeNTF2_designed_0000_000000000.pdb.gz	FYHLBYHS_BasicBeNTF2_designed	False	/home/basantab/NTF2_project/20191216_deNovoNTF2DockingBenchmark_RIFDOCK/addPartialChargesConvertParams/G3A/G3A.mol2	/home/basantab/NTF2_project/20191216_deNovoNTF2DockingBenchmark_RIFDOCK/addPartialChargesConvertParams/G3A/G3A_0001_min_0001.pdb	c1nc(c2c(n1)n(cn2)C3C(C(C(O3)COP(=O)(O)OP(=O)(O)OP(=O)(O)OCC4C(C(C(O4)n5cnc6c5N=C(NC6=O)N)O)O)O)O)N	0	C20 H27 N10 O17 P3	794.2489999980006	-8.37670000000001	-3.0	True	True	False	False	False	False	False	True	681.0	4639	0.8566041419421153	guanosine-p3-adenosine-5',5'-triphosphate
M7B	M7B	rif	score:	0	rank	0	dist0:	17.36	packscore:	-59.312	score:	-17.225	steric:	1.04	cluster:	32	rifrank:	89	0.00035	rifdock_output/NZTRNXKX_BasicBeNTF2_designed_0000_000000000.pdb.gz	NZTRNXKX_BasicBeNTF2_designed	False	/home/basantab/NTF2_project/20191216_deNovoNTF2DockingBenchmark_RIFDOCK/addPartialChargesConvertParams/M7B/M7B.mol2	/home/basantab/NTF2_project/20191216_deNovoNTF2DockingBenchmark_RIFDOCK/addPartialChargesConvertParams/M7B/M7B_0001_min_0001.pdb	C(C(C1C(C(C(C(O1)O)O)O)O)O)OP(=O)(O)O	0	C7 H15 O10 P	292.05593337400035	-6.0776999999999965	-2.0	True	False	True	False	False	False	False	False	904.000323296	4177	0.5824620516295935	7-o-phosphono-d-glycero-beta-d-manno-heptopyranose
GDS	GDS	rif	score:	0	rank	0	dist0:	79.39	packscore:	-73.426	score:	-12.511	steric:	2.1519999999999997	cluster:	26	rifrank:	1488	0.03127	rifdock_output/d2gxfa1_0001_000000000.pdb.gz	d2gxfa1	True	/home/basantab/NTF2_project/20191216_deNovoNTF2DockingBenchmark_RIFDOCK/addPartialChargesConvertParams/GDS/GDS.mol2	/home/basantab/NTF2_project/20191216_deNovoNTF2DockingBenchmark_RIFDOCK/addPartialChargesConvertParams/GDS/GDS_0001_min_0001.pdb	C(CC(=O)NC(CSSCC(C(=O)NCC(=O)O)NC(=O)CCC(C(=O)O)N)C(=O)NCC(=O)O)C(C(=O)O)N	0	C20 H32 N6 O12 S2	630.2917158801807	-13.461999999999984	-2.0	False	False	False	False	False	False	False	False	1738.00062156	4418	-0.30622623081956	oxidized glutathione disulfide
EQU	EQU	rif	score:	0	rank	0	dist0:	17.15	packscore:	-60.468	score:	-58.157	steric:	-4.709	cluster:	3	rifrank:	436902	0.82045	rifdock_output/IPQZYEHY_BasicBeNTF2_designed_0000_000000000.pdb.gz	IPQZYEHY_BasicBeNTF2_designed	False	/home/basantab/NTF2_project/20191216_deNovoNTF2DockingBenchmark_RIFDOCK/addPartialChargesConvertParams/EQU/EQU.mol2	/home/basantab/NTF2_project/20191216_deNovoNTF2DockingBenchmark_RIFDOCK/addPartialChargesConvertParams/EQU/EQU_0001_min_0001.pdb	CC12CCc3c4ccc(cc4ccc3C1CCC2=O)O	0	C18 H18 O2	278.22458020000033	3.9444000000000026	0.0	False	False	False	True	True	False	False	False	398.0	4645	0.533308718381047	equilenin
P2H	P2H	rif	score:	0	rank	0	dist0:	14.77	packscore:	-81.156	score:	-53.138000000000005	steric:	-3.388	cluster:	43	rifrank:	74346	0.13957999999999998	rifdock_output/IPQZYEHY_BasicBeNTF2_designed_0000_000000000.pdb.gz	IPQZYEHY_BasicBeNTF2_designed	False	/home/basantab/NTF2_project/20191216_deNovoNTF2DockingBenchmark_RIFDOCK/addPartialChargesConvertParams/P2H/P2H.mol2	/home/basantab/NTF2_project/20191216_deNovoNTF2DockingBenchmark_RIFDOCK/addPartialChargesConvertParams/P2H/P2H_0001_min_0001.pdb	c1ccc(cc1)c2ccc[n+](c2)CC(O)(P(=O)(O)O)P(=O)(O)O	0	C13 H16 N O7 P2 1	375.1575755920005	0.6425999999999994	1.0	False	False	False	False	True	False	False	False	398.0	4645	0.9939299748470325	1-(2-hydroxy-2,2-diphosphonoethyl)-3-phenylpyridinium
AC2	AC2	rif	score:	0	rank	0	dist0:	18.98	packscore:	-65.48100000000001	score:	-39.435	steric:	2.582	cluster:	17	rifrank:	10374	0.019540000000000002	rifdock_output/IPQZYEHY_BasicBeNTF2_designed_0000_000000000.pdb.gz	IPQZYEHY_BasicBeNTF2_designed	False	/home/basantab/NTF2_project/20191216_deNovoNTF2DockingBenchmark_RIFDOCK/addPartialChargesConvertParams/AC2/AC2.mol2	/home/basantab/NTF2_project/20191216_deNovoNTF2DockingBenchmark_RIFDOCK/addPartialChargesConvertParams/AC2/AC2_0001_min_0001.pdb	c1nc2c(n1COCCO)N=C(NC2=O)N	0	C8 H11 N5 O3	233.148789468	-1.3317999999999997	0.0	False	False	False	False	False	False	False	True	398.0	4638	1.5062895447085154	9-hyroxyethoxymethylguanine
EU7	EU7	rif	score:	0	rank	0	dist0:	12.51	packscore:	-39.444	score:	-20.237000000000002	steric:	-1.4380000000000002	cluster:	48	rifrank:	5509	0.01378	rifdock_output/QAWTJNGV_BasicBeNTF2_designed_0000_000000000.pdb.gz	QAWTJNGV_BasicBeNTF2_designed	False	/home/basantab/NTF2_project/20191216_deNovoNTF2DockingBenchmark_RIFDOCK/addPartialChargesConvertParams/EU7/EU7.mol2	/home/basantab/NTF2_project/20191216_deNovoNTF2DockingBenchmark_RIFDOCK/addPartialChargesConvertParams/EU7/EU7_0001_min_0001.pdb	CC(C12CC3CC(C1)CC(C3)C2)N	0	C12 H21 N	180.17467612409	1.8331999999999995	1.0	False	False	False	False	False	False	False	False	683.0	4561	0.8087581532564192	(1s)-1-[(3r,5r,7r)-tricyclo[3.3.1.1~3,7~]decan-1-yl]ethan-1-amine
AUB	AUB	rif	score:	0	rank	0	dist0:	15.19	packscore:	-63.147	score:	-46.415	steric:	-2.6630000000000003	cluster:	1	rifrank:	135689	0.22163000000000002	rifdock_output/d2a15a1_0001_000000000.pdb.gz	d2a15a1	True	/home/basantab/NTF2_project/20191216_deNovoNTF2DockingBenchmark_RIFDOCK/addPartialChargesConvertParams/AUB/AUB.mol2	/home/basantab/NTF2_project/20191216_deNovoNTF2DockingBenchmark_RIFDOCK/addPartialChargesConvertParams/AUB/AUB_0001_min_0001.pdb	c1cc(ccc1C(=O)O)OC2CCC(CC2)NC(=O)NC34CC5CC(C3)CC(C5)C4	0	C24 H32 N2 O4	422.3144578240008	2.3638000000000003	-1.0	False	False	False	False	True	False	False	False	849.0	4641	-0.43706265920909093	4-[(trans-4-{[(3s,5s,7s)-tricyclo[3.3.1.1~3,7~]dec-1-ylcarbamoyl]amino}cyclohexyl)oxy]benzoic acid
2ZV	2ZV	rif	score:	0	rank	0	dist0:	12.21	packscore:	-49.018	score:	-25.653000000000002	steric:	0.8859999999999999	cluster:	18	rifrank:	334678	0.81688	rifdock_output/REKUFSSG_BasicBeNTF2_designed_0000_000000000.pdb.gz	REKUFSSG_BasicBeNTF2_designed	False	/home/basantab/NTF2_project/20191216_deNovoNTF2DockingBenchmark_RIFDOCK/addPartialChargesConvertParams/2ZV/2ZV.mol2	/home/basantab/NTF2_project/20191216_deNovoNTF2DockingBenchmark_RIFDOCK/addPartialChargesConvertParams/2ZV/2ZV_0001_min_0001.pdb	Cc1ccnc(c1[N+](=O)[O-])N	0	C6 H7 N3 O2	161.11642672	0.7742199999999999	-0.0	False	False	False	False	False	False	False	False	600.0	4622	0.32387434522540604	4-methyl-3-nitropyridin-2-amine
DPV	DPV	rif	score:	0	rank	0	dist0:	17.88	packscore:	-65.657	score:	-57.729	steric:	-6.853	cluster:	36	rifrank:	445503	0.8349	rifdock_output/IPQZYEHY_BasicBeNTF2_designed_0000_000000000.pdb.gz	IPQZYEHY_BasicBeNTF2_designed	False	/home/basantab/NTF2_project/20191216_deNovoNTF2DockingBenchmark_RIFDOCK/addPartialChargesConvertParams/DPV/DPV.mol2	/home/basantab/NTF2_project/20191216_deNovoNTF2DockingBenchmark_RIFDOCK/addPartialChargesConvertParams/DPV/DPV_0001_min_0001.pdb	CCCCCCCCCCCCOP(=O)([O-])OCC[N+](C)(C)C	0	C17 H38 N O4 P	354.27677184209114	3.0449	-0.0	True	False	False	False	False	False	False	False	398.0	4645	0.1994451944713327	dodecyl 2-(trimethylammonio)ethyl phosphate
3J4	3J4	rif	score:	0	rank	0	dist0:	17.62	packscore:	-50.403	score:	-15.227	steric:	0.17600000000000002	cluster:	22	rifrank:	93888	0.17755	rifdock_output/d3fsda__0001_000000000.pdb.gz	d3fsda_	True	/home/basantab/NTF2_project/20191216_deNovoNTF2DockingBenchmark_RIFDOCK/addPartialChargesConvertParams/3J4/3J4.mol2	/home/basantab/NTF2_project/20191216_deNovoNTF2DockingBenchmark_RIFDOCK/addPartialChargesConvertParams/3J4/3J4_0001_min_0001.pdb	C1CN(CC1OS(=O)(=O)N)S(=O)(=O)C2C(C(C(C(O2)CO)O)O)O	0	C10 H20 N2 O10 S2	396.08723696800047	-4.589499999999996	-0.0	False	False	True	False	False	False	True	False	634.0	4324	-0.1590446118198532	(6s)-2,6-anhydro-6-{[(3r)-3-(sulfamoyloxy)pyrrolidin-1-yl]sulfonyl}-d-glucitol
BOG	BOG	rif	score:	0	rank	0	dist0:	14.34	packscore:	-57.328	score:	-40.792	steric:	-1.246	cluster:	24	rifrank:	356560	0.67156	rifdock_output/RKZXMATG_BasicBeNTF2_designed_0000_000000000.pdb.gz	RKZXMATG_BasicBeNTF2_designed	False	/home/basantab/NTF2_project/20191216_deNovoNTF2DockingBenchmark_RIFDOCK/addPartialChargesConvertParams/BOG/BOG.mol2	/home/basantab/NTF2_project/20191216_deNovoNTF2DockingBenchmark_RIFDOCK/addPartialChargesConvertParams/BOG/BOG_0001_min_0001.pdb	CCCCCCCCOC1C(C(C(C(O1)CO)O)O)O	6	C14 H28 O6	292.1885886160008	0.16339999999999932	-0.0	False	False	True	False	False	False	False	False	455.0	4626	0.944650465841467	b-octylglucoside
H1L	H1L	rif	score:	0	rank	0	dist0:	17.33	packscore:	-68.407	score:	-66.461	steric:	-2.969	cluster:	27	rifrank:	1133	0.00212	rifdock_output/IPQZYEHY_BasicBeNTF2_designed_0000_000000000.pdb.gz	IPQZYEHY_BasicBeNTF2_designed	False	/home/basantab/NTF2_project/20191216_deNovoNTF2DockingBenchmark_RIFDOCK/addPartialChargesConvertParams/H1L/H1L.mol2	/home/basantab/NTF2_project/20191216_deNovoNTF2DockingBenchmark_RIFDOCK/addPartialChargesConvertParams/H1L/H1L_0001_min_0001.pdb	CC(C(=O)O)Oc1ccc(cc1)Oc2c(cc(cn2)C(F)(F)F)Cl	0	C15 H11 Cl F3 N O4	355.1970430360002	2.01512	-1.0	False	False	False	False	True	True	False	False	398.0	4645	0.9207069665098895	(2r)-2-(4-{[3-chloro-5-(trifluoromethyl)pyridin-2-yl]oxy}phenoxy)propanoic acid
MCS	MCS	rif	score:	0	rank	0	dist0:	15.87	packscore:	-60.961000000000006	score:	-11.548	steric:	0.8009999999999999	cluster:	14	rifrank:	105331	0.3029	rifdock_output/CWSSYHKP_BasicBeNTF2_designed_0000_000000000.pdb.gz	CWSSYHKP_BasicBeNTF2_designed	False	/home/basantab/NTF2_project/20191216_deNovoNTF2DockingBenchmark_RIFDOCK/addPartialChargesConvertParams/MCS/MCS.mol2	/home/basantab/NTF2_project/20191216_deNovoNTF2DockingBenchmark_RIFDOCK/addPartialChargesConvertParams/MCS/MCS_0001_min_0001.pdb	C(C(C(=O)O)N)SC(=O)CC(=O)O	0	C6 H9 N O5 S	214.07437003209	-5.659799999999998	-1.0	False	False	False	False	False	False	False	False	509.0	4375	0.4610136511834062	malonyl cysteine
CDI	CDI	rif	score:	0	rank	0	dist0:	16.06	packscore:	-51.489	score:	-15.748	steric:	-0.601	cluster:	7	rifrank:	10223	0.0253	rifdock_output/MTNNCMGU_BasicBeNTF2_designed_0000_000000000.pdb.gz	MTNNCMGU_BasicBeNTF2_designed	False	/home/basantab/NTF2_project/20191216_deNovoNTF2DockingBenchmark_RIFDOCK/addPartialChargesConvertParams/CDI/CDI.mol2	/home/basantab/NTF2_project/20191216_deNovoNTF2DockingBenchmark_RIFDOCK/addPartialChargesConvertParams/CDI/CDI_0001_min_0001.pdb	CC1(C(COP(=O)(OP(=O)(O1)O)O)O)CO	0	C5 H12 O9 P2	282.0269553520003	-4.041899999999998	-2.0	True	False	False	False	False	False	False	False	831.0	4389	0.32818626099163595	2c-methyl-d-erythritol 2,4-cyclodiphosphate
M40	M40	rif	score:	0	rank	0	dist0:	16.03	packscore:	-71.0	score:	-50.011	steric:	-4.189	cluster:	44	rifrank:	173302	0.32278	rifdock_output/ERSKGIDY_BasicBeNTF2_designed_0000_000000000.pdb.gz	ERSKGIDY_BasicBeNTF2_designed	False	/home/basantab/NTF2_project/20191216_deNovoNTF2DockingBenchmark_RIFDOCK/addPartialChargesConvertParams/M40/M40.mol2	/home/basantab/NTF2_project/20191216_deNovoNTF2DockingBenchmark_RIFDOCK/addPartialChargesConvertParams/M40/M40_0001_min_0001.pdb	c1ccc(cc1)COC(=O)NC(CC2CCCCC2)C(=O)NC(CC3CCNC3=O)C(O)S(=O)(=O)O	0	C24 H35 N3 O8 S	539.3240365280008	1.7770000000000006	-1.0	False	False	False	False	True	False	True	False	1064.00038052	4643	0.26388195811231574	(1r,2s)-2-({n-[(benzyloxy)carbonyl]-3-cyclohexyl-l-alanyl}amino)-1-hydroxy-3-[(3s)-2-oxopyrrolidin-3-yl]propane-1-sulfonic acid
CSF	CSF	rif	score:	0	rank	0	dist0:	18.83	packscore:	-58.81100000000001	score:	-12.087	steric:	1.95	cluster:	28	rifrank:	172477	0.61906	rifdock_output/d2a15a1_0001_000000000.pdb.gz	d2a15a1	True	/home/basantab/NTF2_project/20191216_deNovoNTF2DockingBenchmark_RIFDOCK/addPartialChargesConvertParams/CSF/CSF.mol2	/home/basantab/NTF2_project/20191216_deNovoNTF2DockingBenchmark_RIFDOCK/addPartialChargesConvertParams/CSF/CSF_0001_min_0001.pdb	CC(=O)NC1C(C(C(OC1C(C(CO)O)O)(C(=O)O)OP(=O)(O)OCC2C(C(C(O2)N3C=CC(=NC3=O)N)O)O)F)O	0	C20 H30 F N4 O16 P	644.2317461140009	-9.064300000000014	-2.0	True	True	True	False	False	True	False	True	849.0	4461	-0.9846104079149316	cytidine-5'-monophosphate-3-fluoro-n-acetyl-neuraminic acid
IHP	IHP	rif	score:	0	rank	0	dist0:	13.29	packscore:	-114.134	score:	-14.29	steric:	1.5519999999999998	cluster:	15	rifrank:	40668	0.10803	rifdock_output/KNHUWXPL_BasicBeNTF2_designed_0000_000000000.pdb.gz	KNHUWXPL_BasicBeNTF2_designed	False	/home/basantab/NTF2_project/20191216_deNovoNTF2DockingBenchmark_RIFDOCK/addPartialChargesConvertParams/IHP/IHP.mol2	/home/basantab/NTF2_project/20191216_deNovoNTF2DockingBenchmark_RIFDOCK/addPartialChargesConvertParams/IHP/IHP_0001_min_0001.pdb	C1(C(C(C(C(C1OP(=O)(O)O)OP(=O)(O)O)OP(=O)(O)O)OP(=O)(O)O)OP(=O)(O)O)OP(=O)(O)O	1	C6 H18 O24 P6	671.9552716200002	-17.137799999999995	-12.0	True	False	False	False	False	False	False	False	620.0	4587	0.1667830601091933	inositol hexakisphosphate
RET	RET	rif	score:	0	rank	0	dist0:	17.91	packscore:	-76.337	score:	-75.382	steric:	-6.84	cluster:	35	rifrank:	45363	0.08482	rifdock_output/IPQZYEHY_BasicBeNTF2_designed_0000_000000000.pdb.gz	IPQZYEHY_BasicBeNTF2_designed	False	/home/basantab/NTF2_project/20191216_deNovoNTF2DockingBenchmark_RIFDOCK/addPartialChargesConvertParams/RET/RET.mol2	/home/basantab/NTF2_project/20191216_deNovoNTF2DockingBenchmark_RIFDOCK/addPartialChargesConvertParams/RET/RET_0001_min_0001.pdb	CC1=C(C(CCC1)(C)C)C=CC(=CC=CC(=CC=O)C)C	5	C20 H28 O	296.30791590000075	5.716900000000005	0.0	False	False	False	False	False	False	False	False	398.0	4645	1.1520848477682053	retinal
PPQ	PPQ	rif	score:	0	rank	0	dist0:	56.34	packscore:	-48.506	score:	-22.811999999999998	steric:	-0.5670000000000001	cluster:	41	rifrank:	20539	0.03878	rifdock_output/d3dm8a1_0001_000000000.pdb.gz	d3dm8a1	True	/home/basantab/NTF2_project/20191216_deNovoNTF2DockingBenchmark_RIFDOCK/addPartialChargesConvertParams/PPQ/PPQ.mol2	/home/basantab/NTF2_project/20191216_deNovoNTF2DockingBenchmark_RIFDOCK/addPartialChargesConvertParams/PPQ/PPQ_0001_min_0001.pdb	CP(=O)(CCC(C(=O)O)N)O	0	C5 H12 N O4 P	186.08897107409	-3.0660999999999987	-0.0	False	False	False	False	False	False	False	False	648.0	4553	-0.06610998657123401	phosphinothricin
BTN	BTN	rif	score:	0	rank	0	dist0:	16.27	packscore:	-56.333999999999996	score:	-27.365	steric:	-0.667	cluster:	2	rifrank:	202838	0.38316999999999996	rifdock_output/RKZXMATG_BasicBeNTF2_designed_0000_000000000.pdb.gz	RKZXMATG_BasicBeNTF2_designed	False	/home/basantab/NTF2_project/20191216_deNovoNTF2DockingBenchmark_RIFDOCK/addPartialChargesConvertParams/BTN/BTN.mol2	/home/basantab/NTF2_project/20191216_deNovoNTF2DockingBenchmark_RIFDOCK/addPartialChargesConvertParams/BTN/BTN_0001_min_0001.pdb	C1C2C(C(S1)CCCCC(=O)O)NC(=O)N2	1	C10 H16 N2 O3 S	248.11946349999997	-1.2410999999999974	-1.0	False	False	False	False	False	False	False	False	455.0	4608	0.5106249504678484	biotin
AKV	AKV	rif	score:	0	rank	0	dist0:	14.27	packscore:	-82.898	score:	-50.168	steric:	-4.715	cluster:	1	rifrank:	64489	0.12090999999999999	rifdock_output/AWPYPYWL_BasicBeNTF2_designed_0000_000000000.pdb.gz	AWPYPYWL_BasicBeNTF2_designed	False	/home/basantab/NTF2_project/20191216_deNovoNTF2DockingBenchmark_RIFDOCK/addPartialChargesConvertParams/AKV/AKV.mol2	/home/basantab/NTF2_project/20191216_deNovoNTF2DockingBenchmark_RIFDOCK/addPartialChargesConvertParams/AKV/AKV_0001_min_0001.pdb	CCC(CC(c1c(cc2c(c1O)C(=O)c3c(cccc3O)C2=O)CC(=O)OC)O)O	-1	C22 H22 O8	432.2723182400005	1.7830999999999997	0.0	False	False	False	False	True	False	False	False	812.0	4645	1.7346770176608324	{3-[(1r,3s)-1,3-dihydroxypentyl]-4,5,9,10-tetrahydroxy-2-anthryl}acetate
OSE	OSE	rif	score:	0	rank	0	dist0:	14.69	packscore:	-60.236000000000004	score:	-14.487	steric:	1.145	cluster:	5	rifrank:	2162	0.017759999999999998	rifdock_output/LIQUBIML_BasicBeNTF2_designed_0000_000000000.pdb.gz	LIQUBIML_BasicBeNTF2_designed	False	/home/basantab/NTF2_project/20191216_deNovoNTF2DockingBenchmark_RIFDOCK/addPartialChargesConvertParams/OSE/OSE.mol2	/home/basantab/NTF2_project/20191216_deNovoNTF2DockingBenchmark_RIFDOCK/addPartialChargesConvertParams/OSE/OSE_0001_min_0001.pdb	C(C(C(=O)O)N)OS(=O)(=O)O	0	C3 H7 N O6 S	190.03798452409	-4.228999999999998	-1.0	False	False	False	False	False	False	True	False	505.0	4265	1.4185250836683267	o-sulfo-l-serine
8H6	8H6	rif	score:	0	rank	0	dist0:	12.07	packscore:	-67.27	score:	-35.071999999999996	steric:	-3.4930000000000003	cluster:	10	rifrank:	16223	0.03045	rifdock_output/KVTSDNGQ_BasicBeNTF2_designed_0000_000000000.pdb.gz	KVTSDNGQ_BasicBeNTF2_designed	False	/home/basantab/NTF2_project/20191216_deNovoNTF2DockingBenchmark_RIFDOCK/addPartialChargesConvertParams/8H6/8H6.mol2	/home/basantab/NTF2_project/20191216_deNovoNTF2DockingBenchmark_RIFDOCK/addPartialChargesConvertParams/8H6/8H6_0001_min_0001.pdb	CCC(=O)C(C)C(=O)SCCNC(=O)CCNC(=O)C(C(C)(C)CO)O	0	C17 H30 N2 O6 S	398.2450579360008	-0.13669999999999888	0.0	False	False	False	False	False	False	False	False	896.999679208	4624	0.5943632217999353	s-[2-[3-[[(2r)-3,3-dimethyl-2,4-bis(oxidanyl)butanoyl]amino]propanoylamino]ethyl] (2r)-2-methyl-3-oxidanylidene-pentanethioate
0FV	0FV	rif	score:	0	rank	0	dist0:	18.27	packscore:	-78.925	score:	-50.835	steric:	-4.842	cluster:	33	rifrank:	13137	0.02462	rifdock_output/IPQZYEHY_BasicBeNTF2_designed_0000_000000000.pdb.gz	IPQZYEHY_BasicBeNTF2_designed	False	/home/basantab/NTF2_project/20191216_deNovoNTF2DockingBenchmark_RIFDOCK/addPartialChargesConvertParams/0FV/0FV.mol2	/home/basantab/NTF2_project/20191216_deNovoNTF2DockingBenchmark_RIFDOCK/addPartialChargesConvertParams/0FV/0FV_0001_min_0001.pdb	CC(=CCCC(=C(COP(=O)(O)OP(=O)(O)O)F)C)C	0	C10 H19 F O7 P2	340.1216046840005	-0.8337999999999997	-3.0	True	False	False	False	False	True	False	False	398.0	4645	0.8348069357498762	(2z)-2-fluoro-3,7-dimethylocta-2,6-dien-1-yl trihydrogen diphosphate
A6A	A6A	rif	score:	0	rank	0	dist0:	16.91	packscore:	-59.95	score:	-28.226999999999997	steric:	-1.256	cluster:	46	rifrank:	16871	0.03171	rifdock_output/REKUFSSG_BasicBeNTF2_designed_0000_000000000.pdb.gz	REKUFSSG_BasicBeNTF2_designed	False	/home/basantab/NTF2_project/20191216_deNovoNTF2DockingBenchmark_RIFDOCK/addPartialChargesConvertParams/A6A/A6A.mol2	/home/basantab/NTF2_project/20191216_deNovoNTF2DockingBenchmark_RIFDOCK/addPartialChargesConvertParams/A6A/A6A_0001_min_0001.pdb	c1nc(c2c(n1)n(cn2)C3COC(C(C3O)O)COP(=O)(O)O)N	0	C11 H16 N5 O7 P	371.1569848020003	-4.154699999999997	-2.0	True	False	True	False	False	False	False	True	600.0	4584	0.016130783660279757	2-(6-amino-9h-purin-9-yl)-1,5-anhydro-2-deoxy-6-o-phosphono-d-altritol
